[
    {
        "id": 1,
        "idUser": 2,
        "userName": "Boydibo",
        "comment": "Tour này thật tuyệt vời, mọi người nên 1 lần đăng ký thử tour này, hướng dẫn viên ABC rất nhiệt tình và vui tính. Tour này thật tuyệt vời, mọi người nên 1 lần đăng ký thử tour này, hướng dẫn viên ABC rất nhiệt tình và vui tính. Tour này thật tuyệt vời, mọi người nên 1 lần đăng ký thử tour này, hướng dẫn viên ABC rất nhiệt tình và vui tính",
        "dateAndTime": "15:30 07/03/2024"
    },
    {
        "id": 2,
        "idUser": 5,
        "userName": "AlanDiBo",
        "comment": "Tour này thật tuyệt vời, mọi người nên 1 lần đăng ký thử tour này, hướng dẫn viên ABC rất nhiệt tình và vui tính.",
        "dateAndTime": "12:30 07/07/2024"
    },
    {
        "id": 3,
        "idUser": 5,
        "userName": "AlanDiBo",
        "comment": "Tour này thật tuyệt vời, mọi người nên 1 lần đăng ký thử tour này, hướng dẫn viên ABC rất nhiệt tình và vui tính. Tour này thật tuyệt vời, mọi người nên 1 lần đăng ký thử tour này, hướng dẫn viên ABC rất nhiệt tình và vui tính. Tour này thật tuyệt vời, mọi người nên 1 lần đăng ký thử tour này, hướng dẫn viên ABC rất nhiệt tình và vui tính",
        "dateAndTime": "15:32 04/04/2024"
    },
    {
        "id": 4,
        "idUser": 2,
        "userName": "Boydibo",
        "comment": "Tour này thật tuyệt vời, mọi người nên 1 lần đăng ký thử tour này, hướng dẫn viên ABC rất nhiệt tình và vui tính. Tour này thật tuyệt vời, mọi người nên 1 lần đăng ký thử tour này, hướng dẫn viên ABC rất nhiệt tình và vui tính. Tour này thật tuyệt vời, mọi người nên 1 lần đăng ký thử tour này, hướng dẫn viên ABC rất nhiệt tình và vui tính",
        "dateAndTime": "11:20 23/01/2024"
    }
]