[
    {
      "id": 1,
      "anh_tour": "https://cdn.getyourguide.com/img/tour/a53be1d39de681d5.jpeg/99.jpg",
      "diem_khoi_hanh": "Ho Chi Minh",
      "gia_tour": 3500000,
      "gioi_thieu_tour": "Day la tour du lich duoc phat trien boi cong ty du lich va lu hanh ABCXYZ",
      "loai_tour": 1,
      "ngay_ket_thuc": "25-04-2024",
      "noi_dung_tour": "tour du lich kham pha thanh pho Ho Chi Minh",
      "so_ngay": 4,
      "ten_tour": "Kham pha thanh pho Ho Chi Minh",
      "trang_thai": 1,
      "diem_den": "thanh pho Ho Chi Minh",
      "ngay_khoi_hanh": "20-04-2024"
    },
    {
      "id": 2,
      "anh_tour": "https://cdn.getyourguide.com/img/tour/a53be1d39de681d5.jpeg/99.jpg",
      "diem_khoi_hanh": "Ho Chi Minh",
      "gia_tour": 500000,
      "gioi_thieu_tour": "Day la tour du lich duoc phat trien boi cong ty du lich va lu hanh ABCXYZ",
      "loai_tour": 1,
      "ngay_ket_thuc": "25-04-2024",
      "noi_dung_tour": "tour du lich kham pha thanh pho Ho Chi Minh",
      "so_ngay": 1,
      "ten_tour": "Kham pha thanh pho Ho Chi Minh",
      "trang_thai": 1,
      "diem_den": "thanh pho Ho Chi Minh",
      "ngay_khoi_hanh": "25-04-2024"
    },
    {
      "id": 3,
      "anh_tour": "https://cdn.getyourguide.com/img/tour/a53be1d39de681d5.jpeg/99.jpg",
      "diem_khoi_hanh": "Ho Chi Minh",
      "gia_tour": 1500000,
      "gioi_thieu_tour": "Day la tour du lich duoc phat trien boi cong ty du lich va lu hanh ABCXYZ",
      "loai_tour": 1,
      "ngay_ket_thuc": "25-04-2024",
      "noi_dung_tour": "tour du lich kham pha thanh pho Ho Chi Minh",
      "so_ngay": 4,
      "ten_tour": "Kham pha thanh pho Ho Chi Minh",
      "trang_thai": 1,
      "diem_den": "thanh pho Ho Chi Minh",
      "ngay_khoi_hanh": "20-04-2024"
    },
    {
      "id": 4,
      "anh_tour": "https://cdn.getyourguide.com/img/tour/a53be1d39de681d5.jpeg/99.jpg",
      "diem_khoi_hanh": "Ho Chi Minh",
      "gia_tour": 1500000,
      "gioi_thieu_tour": "Day la tour du lich duoc phat trien boi cong ty du lich va lu hanh ABCXYZ",
      "loai_tour": 0,
      "ngay_ket_thuc": "25-04-2024",
      "noi_dung_tour": "tour du lich kham pha thanh pho Ho Chi Minh",
      "so_ngay": 4,
      "ten_tour": "Kham pha thanh pho Ho Chi Minh",
      "trang_thai": 1,
      "diem_den": "thanh pho Ho Chi Minh",
      "ngay_khoi_hanh": "20-04-2024"
    },
    {
      "id": 5,
      "anh_tour": "https://cdn.getyourguide.com/img/tour/a53be1d39de681d5.jpeg/99.jpg",
      "diem_khoi_hanh": "Ho Chi Minh",
      "gia_tour": 1500000,
      "gioi_thieu_tour": "Day la tour du lich duoc phat trien boi cong ty du lich va lu hanh ABCXYZ",
      "loai_tour": 1,
      "ngay_ket_thuc": "25-04-2024",
      "noi_dung_tour": "tour du lich kham pha thanh pho Ho Chi Minh",
      "so_ngay": 4,
      "ten_tour": "Kham pha thanh pho Ho Chi Minh",
      "trang_thai": 0,
      "diem_den": "thanh pho Ho Chi Minh",
      "ngay_khoi_hanh": "20-07-2024"
    },
    {
      "id": 6,
      "anh_tour": "https://cdn.getyourguide.com/img/tour/a53be1d39de681d5.jpeg/99.jpg",
      "diem_khoi_hanh": "Ha Noi",
      "gia_tour": 2000000,
      "gioi_thieu_tour": "Day la tour du lich duoc phat trien boi cong ty du lich va lu hanh ABCXYZ",
      "loai_tour": 1,
      "ngay_ket_thuc": "25-04-2024",
      "noi_dung_tour": "tour du lich kham pha thanh pho Ho Chi Minh",
      "so_ngay": 7,
      "ten_tour": "Kham pha thanh pho Ho Chi Minh",
      "trang_thai": 1,
      "diem_den": "thanh pho Ho Chi Minh",
      "ngay_khoi_hanh": "18-04-2024"
    }
    
  ]