[
    {
        "id": 1,    
        "hinh_anh": "https://vatvostudio.vn/wp-content/uploads/2024/06/iPhone-CPO-2.jpg",    
        "ngay_dang": "30/06/2022",    
        "noi_dung": "iPhone 12 Pro Max cũ là một trong những mẫu điện thoại được người dùng quan tâm nhất phân khúc 12 – 13 triệu đồng. Bên cạnh hàng cũ, trong thời gian gần đây, một số thương gia Việt Nam còn mở bán sản phẩm này dưới dạng hàng CPO với mức giá khoảng 15 triệu đồng. Vậy, iPhone 12 Pro Max CPO có những điểm gì khác biệt so với loại hàng cũ? Với 15 triệu, đây có phải lựa chọn hấp dẫn dành cho người dùng hay không?",
        "tieu_de": "iPhone 12 Pro Max CPO về Việt Nam với giá 15 triệu: có phải “món hời” hay không?",    
        "tom_tat": "iPhone 12 Pro Max CPO về Việt Nam"    
    },
    {
        "id": 2,    
        "hinh_anh": "https://vatvostudio.vn/wp-content/uploads/2024/06/Redmi-Note-13-Pro-5G-xanh-olive-5-thang-9-1.jpg",    
        "ngay_dang": "03/07/2024",    
        "noi_dung": "Vào tháng 1/2024, Xiaomi đã trình làng thế hệ Redmi Note 13 series mới. Trong đó, Redmi Note 13 Pro 5G là cái tên nhận được nhiều sự chú ý từ người dùng. So với bản tiền nhiệm, máy đón nhận loạt nâng cấp từ màn hình, camera cho đến hiệu năng. Hiện tại, sau 5 tháng, mức giá của sản phẩm đã có phần dễ tiếp cận hơn. Cùng thời điểm, Redmi Note 13 Pro 5G đã có bản cập nhật HyperOS cùng hàng loạt thay đổi khác liên quan đến phần mềm.",
        "tieu_de": "Redmi Note 13 Pro 5G sau 5 tháng: đã có HyperOS, vẫn là mẫu máy tốt tầm giá 8 triệu",    
        "tom_tat": "Redmi Note 13 Pro 5G sau 5 tháng"    
    },
    {
        "id": 3,    
        "hinh_anh": "https://vatvostudio.vn/wp-content/uploads/2024/07/Galaxy-M55-5G-2.jpg",    
        "ngay_dang": "25/06/2024",    
        "noi_dung": "Bên cạnh Galaxy A, Galaxy M cũng là dòng điện thoại nhận được nhiều quan tâm của người dùng trong phân khúc tầm trung. Mới đây, hãng đã ra mắt Galaxy M55 5G với giá niêm yết từ 11,69 triệu đồng. Sản phẩm sở hữu một số điểm nhấn như thiết kế bắt mắt, màn hình lớn hay pin 5.000mAh. Tuy nhiên, thông số hiệu năng và camera lại không phải điểm mạnh trên Galaxy M55 5G.",
        "tieu_de": "Cận cảnh Galaxy M55 5G vừa mở bán tại Việt Nam, giá từ 11,69 triệu đồng",    
        "tom_tat": "Cận cảnh Galaxy M55 5G"    
    },
    {
        "id": 4,    
        "hinh_anh": "https://vatvostudio.vn/wp-content/uploads/2024/07/Pixel-9-lo-video-tren-tay.jpg",    
        "ngay_dang": "04/07/2024",    
        "noi_dung": "Theo thông tin chính thức, Google sẽ trình làng Pixel 9 series vào ngày 13/8 sắp tới. Tuy nhiên, khi sự kiện ra mắt còn chưa diễn ra, một người dùng đã chia sẻ video trên tay trực tiếp chiếc máy này tại Algeria. Điều này giúp chúng ta có cái nhìn ban đầu về flagship sắp ra mắt của Google.",
        "tieu_de": "Dù chưa ra mắt, Pixel 9 đã lộ video trên tay",    
        "tom_tat": "Pixel 9 đã lộ video trên tay"    
    },
    {
        "id": 5,    
        "hinh_anh": "https://vatvostudio.vn/wp-content/uploads/2024/04/Nhung-tinh-nang-ki-vong-tren-iPhone16.jpg",    
        "ngay_dang": "03/07/2024",    
        "noi_dung": "Dự kiến, Apple sẽ trình làng loạt điện thoại mới nhất mang tên iPhone 16 series vào tháng 9 năm nay. Ngoài những thay đổi về thiết kế, kích thước màn hình hay camera, hiệu năng cũng là yếu tố được kỳ vọng trên dải sản phẩm năm nay. Theo tin đồn mới nhất, cả bốn mẫu iPhone sắp ra mắt đều sẽ trang bị cùng chip Apple A18.",
        "tieu_de": "Cả 4 mẫu iPhone 16 mới đều sẽ trang bị chipset Apple A18",    
        "tom_tat": "iPhone 16"    
    },
    {
        "id": 6,    
        "hinh_anh": "https://vatvostudio.vn/wp-content/uploads/2024/06/Redmi-Pad-Pro-Review-1.jpg",    
        "ngay_dang": "30/06/2024",    
        "noi_dung": "Redmi Pad Pro là chiếc máy tính bảng mới ra mắt của Xiaomi tại thị trường Việt Nam. Đây được xem là bản nâng cấp của Redmi Pad tiêu chuẩn với loạt cải tiến liên quan đến màn hình, hiệu năng cho đến số lượng phụ kiện đi kèm. Vậy thì với giá niêm yết 7,5 triệu đồng, Redmi Pad Pro có phải một sản phẩm đáng mua hay không? So với những iPad Gen 9 hay Galaxy Tab S9 FE cùng tầm giá, mẫu tablet của Xiaomi có gì nổi bật hơn?",
        "tieu_de": "Đánh giá Redmi Pad Pro: đơn giản là một chiếc máy tính bảng tốt!",    
        "tom_tat": "Đánh giá Redmi Pad Pro"    
    },
    {
        "id": 7,    
        "hinh_anh": "https://vatvostudio.vn/wp-content/uploads/2024/06/Redmi-Pad-Pro-Review-1.jpg",    
        "ngay_dang": "30/06/2024",    
        "noi_dung": "Redmi Pad Pro là chiếc máy tính bảng mới ra mắt của Xiaomi tại thị trường Việt Nam. Đây được xem là bản nâng cấp của Redmi Pad tiêu chuẩn với loạt cải tiến liên quan đến màn hình, hiệu năng cho đến số lượng phụ kiện đi kèm. Vậy thì với giá niêm yết 7,5 triệu đồng, Redmi Pad Pro có phải một sản phẩm đáng mua hay không? So với những iPad Gen 9 hay Galaxy Tab S9 FE cùng tầm giá, mẫu tablet của Xiaomi có gì nổi bật hơn?",
        "tieu_de": "Đánh giá Redmi Pad Pro: đơn giản là một chiếc máy tính bảng tốt!",    
        "tom_tat": "Đánh giá Redmi Pad Pro"    
    },
    {
        "id": 8,    
        "hinh_anh": "https://vatvostudio.vn/wp-content/uploads/2024/06/Redmi-Pad-Pro-Review-1.jpg",    
        "ngay_dang": "30/06/2024",    
        "noi_dung": "Redmi Pad Pro là chiếc máy tính bảng mới ra mắt của Xiaomi tại thị trường Việt Nam. Đây được xem là bản nâng cấp của Redmi Pad tiêu chuẩn với loạt cải tiến liên quan đến màn hình, hiệu năng cho đến số lượng phụ kiện đi kèm. Vậy thì với giá niêm yết 7,5 triệu đồng, Redmi Pad Pro có phải một sản phẩm đáng mua hay không? So với những iPad Gen 9 hay Galaxy Tab S9 FE cùng tầm giá, mẫu tablet của Xiaomi có gì nổi bật hơn?",
        "tieu_de": "Đánh giá Redmi Pad Pro: đơn giản là một chiếc máy tính bảng tốt!",    
        "tom_tat": "Đánh giá Redmi Pad Pro"    
    },
    {
        "id": 9,    
        "hinh_anh": "https://vatvostudio.vn/wp-content/uploads/2024/06/Redmi-Pad-Pro-Review-1.jpg",    
        "ngay_dang": "30/06/2024",    
        "noi_dung": "Redmi Pad Pro là chiếc máy tính bảng mới ra mắt của Xiaomi tại thị trường Việt Nam. Đây được xem là bản nâng cấp của Redmi Pad tiêu chuẩn với loạt cải tiến liên quan đến màn hình, hiệu năng cho đến số lượng phụ kiện đi kèm. Vậy thì với giá niêm yết 7,5 triệu đồng, Redmi Pad Pro có phải một sản phẩm đáng mua hay không? So với những iPad Gen 9 hay Galaxy Tab S9 FE cùng tầm giá, mẫu tablet của Xiaomi có gì nổi bật hơn?",
        "tieu_de": "Đánh giá Redmi Pad Pro: đơn giản là một chiếc máy tính bảng tốt!",    
        "tom_tat": "Đánh giá Redmi Pad Pro"    
    }
]